<?xml version="1.0" encoding="UTF-8"?>
<!DOCTYPE generatorConfiguration PUBLIC "-//mybatis.org//DTD MyBatis Generator Configuration 1.0//EN" "http://mybatis.org/dtd/mybatis-generator-config_1_0.dtd" >
<generatorConfiguration>
	<classPathEntry location="E:\maven\repo\com\oracle\ojdbc6\11.2.0.1.0\ojdbc6-11.2.0.1.0.jar" />
    <context id="context1" targetRuntime="MyBatis3">
        <jdbcConnection driverClass="oracle.jdbc.OracleDriver"
            connectionURL="jdbc:oracle:thin:@127.0.0.1:1521:orcl"
            userId="zsh" password="zsh" />
        <javaModelGenerator targetPackage="com.dkd.emms.web" 
        	targetProject="baseinfo\src\main\java" />
        <sqlMapGenerator targetPackage="config.map"
            targetProject="web\src\test\java" />
        <javaClientGenerator type="XMLMAPPER" targetPackage="com.dkd.emms.dao"  targetProject="baseinfo\src\main\java">
      		<property name="enableSubPackages" value="true" />
    	</javaClientGenerator>
       <table schema="zsh" tableName="B_CONTRACTOR" domainObjectName="Contractor" >
        	<columnOverride column="CONTRACTOR_ID" property="contractorId" />
        </table>
    </context>
</generatorConfiguration>