<?xml version="1.0" encoding="UTF-8" ?>
<!DOCTYPE configuration
PUBLIC "-//mybatis.org//DTD Config 3.0//EN"
"http://mybatis.org/dtd/mybatis-3-config.dtd">
<!-- mybatis配置文件 -->
<configuration>
 	<settings>  
		<!-- 全局映射器启用缓存 -->  
        <setting name="cacheEnabled" value="true" />  
        <!-- 查询时，关闭关联对象即时加载以提高性能 -->  
        <setting name="lazyLoadingEnabled" value="true" />  
        <!-- 设置关联对象加载的形态，此处为按需加载字段(加载字段由SQL指定)，不会加载关联表的所有字段，以提高性能 -->  
        <setting name="aggressiveLazyLoading" value="true" />  
        <!-- 对于未知的SQL查询，允许返回不同的结果集以达到通用的效果 -->  
        <setting name="multipleResultSetsEnabled" value="true" />  
        <!-- 允许使用列标签代替列名 -->  
        <setting name="useColumnLabel" value="true" />  
        <!-- 允许使用自定义的主键值(比如由程序生成的UUID 32位编码作为键值)，数据表的PK生成策略将被覆盖 -->  
        <setting name="useGeneratedKeys" value="true" />  
        <!-- 给予被嵌套的resultMap以字段-属性的映射支持 -->  
        <setting name="autoMappingBehavior" value="FULL" />  
        <!-- 对于批量更新操作缓存SQL以提高性能  -->  
        <!-- <setting name="defaultExecutorType" value="BATCH" />   -->
        <!-- 数据库超过25000秒仍未响应则超时 -->  
        <setting name="defaultStatementTimeout" value="25000" /> 
        <!-- 是否启用 行内嵌套语句  defaut:false-->
		<setting name="safeRowBoundsEnabled" value="false"/>
		<!-- 设置本地缓存范围 session:就会有数据的共享  statement:语句范围 (这样就不会有数据的共享 ) defalut:session-->   
		<setting name="localCacheScope" value="SESSION"/>  
		<!-- 设置但JDBC类型为空时,某些驱动程序 要指定值,default:OTHER --> 
		<setting name="jdbcTypeForNull" value="NULL"/>     
    </settings>
	<typeAliases>
		<!-- 系统管理 start -->
			<typeAlias type="com.dkd.emms.systemManage.bo.Resource" alias="Resource"/>
			<typeAlias type="com.dkd.emms.systemManage.bo.Organization" alias="Organization"/>
			<typeAlias type="com.dkd.emms.systemManage.bo.OrganizationType" alias="OrganizationType"/>
			<typeAlias type="com.dkd.emms.systemManage.bo.Employee" alias="Employee"/>
			<typeAlias type="com.dkd.emms.systemManage.bo.Role" alias="Role"/>
			<typeAlias type="com.dkd.emms.systemManage.bo.OrganizationRole" alias="OrganizationRole"/>
			<typeAlias type="com.dkd.emms.systemManage.bo.UserRole" alias="UserRole"/>
			<typeAlias type="com.dkd.emms.systemManage.bo.OrganizationTypeWBS" alias="OrganizationTypeWBS"/>
			<typeAlias type="com.dkd.emms.systemManage.bo.User" alias="User"/>
			<typeAlias type="com.dkd.emms.systemManage.bo.Dictionary" alias="Dictionary"/>
			<typeAlias type="com.dkd.emms.systemManage.bo.Log" alias="Log"/>
			<typeAlias type="com.dkd.emms.systemManage.bo.RoleResource" alias="RoleResource"/>
			<typeAlias type="com.dkd.emms.systemManage.bo.Sequence" alias="Sequence"/>
			<typeAlias type="com.dkd.emms.systemManage.bo.UnitConversion" alias="UnitConversion"/>
		    <typeAlias type="com.dkd.emms.systemManage.bo.Process" alias="Process"/>
		    <typeAlias type="com.dkd.emms.systemManage.bo.ProcessDetail" alias="ProcessDetail"/>
		    <typeAlias type="com.dkd.emms.systemManage.bo.ProcessRecord" alias="ProcessRecord"/>
		    <typeAlias type="com.dkd.emms.systemManage.bo.ProcessRecordDetail" alias="ProcessRecordDetail"/>
		<!-- 系统管理 end -->
		<!-- 基础信息管理 start  -->
			<typeAlias type="com.dkd.emms.systemManage.bo.Project" alias="Project"/>
			<typeAlias type="com.dkd.emms.systemManage.bo.Materials" alias="Materials"/>
			<typeAlias type="com.dkd.emms.systemManage.bo.MaterialsUnit" alias="MaterialsUnit"/>
			<typeAlias type="com.dkd.emms.systemManage.bo.WareHouse" alias="WareHouse"/>
			<typeAlias type="com.dkd.emms.systemManage.bo.WareHouseOrg" alias="WarehouseOrg"/>
			<typeAlias type="com.dkd.emms.systemManage.bo.Reservoirarea" alias="Reservoirarea"/>
			<typeAlias type="com.dkd.emms.systemManage.bo.Storagelocation" alias="Storagelocation"/>
			<typeAlias type="com.dkd.emms.systemManage.bo.Design" alias="Design"/>
			<typeAlias type="com.dkd.emms.systemManage.bo.Contractor" alias="Contractor"/>
			<typeAlias type="com.dkd.emms.systemManage.bo.MaterialsAttachement" alias="MaterialsAttachement"/>
		    <typeAlias type="com.dkd.emms.systemManage.bo.DesignCodeAttachment" alias="DesignCodeAttachment"/>
		<!-- 基础信息管理 end -->
		<!-- 设计模块管理 start -->
			<typeAlias type="com.dkd.emms.systemManage.bo.DrawingDetailed" alias="DrawingDetailed"/>
			<typeAlias type="com.dkd.emms.systemManage.bo.DrawingNumber" alias="DrawingNumber"/>
			<typeAlias type="com.dkd.emms.systemManage.bo.MaterialsTable" alias="MaterialsTable"/>
			<typeAlias type="com.dkd.emms.systemManage.bo.MaterialsFile" alias="MaterialsFile"/>
		<!-- 设计模块管理 end -->
		<!-- 采购模块管理 start -->
			<typeAlias type="com.dkd.emms.systemManage.bo.Agreement" alias="Agreement"/>
			<typeAlias type="com.dkd.emms.systemManage.bo.AgreementDetail" alias="AgreementDetail"/>
			<typeAlias type="com.dkd.emms.systemManage.bo.AgreementSupplier" alias="AgreementSupplier"/>
			<typeAlias type="com.dkd.emms.systemManage.bo.Delivery" alias="Delivery"/>
			<typeAlias type="com.dkd.emms.systemManage.bo.DeliveryPacking" alias="DeliveryPacking"/>
			<typeAlias type="com.dkd.emms.systemManage.bo.DeliveryPackageDetail" alias="DeliveryPackageDetail"/>
			<typeAlias type="com.dkd.emms.systemManage.bo.DeliveryVehicle" alias="DeliveryVehicle"/>
			<typeAlias type="com.dkd.emms.systemManage.bo.Order" alias="Order"/>
			<typeAlias type="com.dkd.emms.systemManage.bo.OrderDetail" alias="OrderDetail"/>
		    <typeAlias type="com.dkd.emms.systemManage.bo.TransportInfo" alias="TransportInfo"/>
		    <typeAlias type="com.dkd.emms.systemManage.bo.JiGangInfo" alias="JiGangInfo"/>
		    <typeAlias type="com.dkd.emms.systemManage.bo.JiGangTime" alias="JiGangTime"/>
		    <typeAlias type="com.dkd.emms.systemManage.bo.JiGangTrip" alias="JiGangTrip"/>
		    <typeAlias type="com.dkd.emms.systemManage.bo.TransportInfoDetail" alias="TransportInfoDetail"/>
		<!-- 采购模块管理 end -->
		<!-- 实物入库管理 start -->
		    <typeAlias type="com.dkd.emms.systemManage.bo.MaterialInspect" alias="MaterialInspect"/>
		    <typeAlias type="com.dkd.emms.systemManage.bo.QualityInspectDetail" alias="QualityInspectDetail"/>
		    <typeAlias type="com.dkd.emms.systemManage.bo.InspectPicFile" alias="InspectPicFile"/>
		    <typeAlias type="com.dkd.emms.systemManage.bo.ReceiptGoods" alias="ReceiptGoods"/>
		    <typeAlias type="com.dkd.emms.systemManage.bo.ReceiptPacking" alias="ReceiptPacking"/>
		    <typeAlias type="com.dkd.emms.systemManage.bo.ReceiptPackingDetail" alias="ReceiptPackingDetail"/>
		    <typeAlias type="com.dkd.emms.systemManage.bo.InWarehouse" alias="InWarehouse"/>
		    <typeAlias type="com.dkd.emms.systemManage.bo.InWarehouseDetail" alias="InWarehouseDetail"/>
		<!-- 实物入库管理 end -->
		<!-- 实物出库管理 start -->
			<typeAlias type="com.dkd.emms.systemManage.bo.DemandPlan" alias="DemandPlan"/>
		    <typeAlias type="com.dkd.emms.systemManage.bo.DemandDetail" alias="DemandDetail"/>
		    <typeAlias type="com.dkd.emms.systemManage.bo.DemandDrawing" alias="DemandDrawing"/>
		    <typeAlias type="com.dkd.emms.systemManage.bo.DemandChangeRecord" alias="DemandChangeRecord"/>
			<typeAlias type="com.dkd.emms.systemManage.bo.PickNotice" alias="PickNotice"/>
			<typeAlias type="com.dkd.emms.systemManage.bo.PickNoticeDetail" alias="PickNoticeDetail"/>
			<typeAlias type="com.dkd.emms.systemManage.bo.Tallying" alias="Tallying"/>
			<typeAlias type="com.dkd.emms.systemManage.bo.OutWarehouse" alias="OutWarehouse"/>
			<typeAlias type="com.dkd.emms.systemManage.bo.OutWarehouseDetail" alias="OutWarehouseDetail"/>
		<!-- 实物出库管理 end -->
		<!-- 库存台账管理 start -->
		<typeAlias type="com.dkd.emms.systemManage.bo.Stock" alias="Stock"/>
		<!-- 库存台账管理 end -->
		</typeAliases>
	 	<!-- <plugins>
	    	<plugin interceptor="com.chrhc.mybatis.locker.interceptor.OptimisticLocker">
	    		<property name="versionColumn" value="version"/>
	        	<property name="versionField" value="version"/>
	    	</plugin>
    	</plugins> -->
</configuration>


