<?xml version="1.0" encoding="UTF-8"?>
<beans xmlns="http://www.springframework.org/schema/beans" 
xmlns:xsi="http://www.w3.org/2001/XMLSchema-instance" 
xmlns:p="http://www.springframework.org/schema/p" 
xmlns:aop="http://www.springframework.org/schema/aop" 
xmlns:context="http://www.springframework.org/schema/context" 
xmlns:jee="http://www.springframework.org/schema/jee" 
xmlns:tx="http://www.springframework.org/schema/tx"
xmlns:mvc="http://www.springframework.org/schema/mvc" 
xsi:schemaLocation="
		http://www.springframework.org/schema/aop 
		http://www.springframework.org/schema/aop/spring-aop-2.5.xsd
		http://www.springframework.org/schema/beans 
		http://www.springframework.org/schema/beans/spring-beans-2.5.xsd
		http://www.springframework.org/schema/jee 
		http://www.springframework.org/schema/jee/spring-jee-2.5.xsd
		http://www.springframework.org/schema/tx 
		http://www.springframework.org/schema/tx/spring-tx-2.5.xsd
		http://www.springframework.org/schema/context 
		http://www.springframework.org/schema/context/spring-context-2.5.xsd
		http://www.springframework.org/schema/mvc 
		http://www.springframework.org/schema/mvc/spring-mvc-3.0.xsd"	>	
<!-- 定义事务管理 增强 -->
	<bean name="transactionManager" class="org.springframework.jdbc.datasource.DataSourceTransactionManager">
		<property name="dataSource" ref="dataSource"/>
		<!-- 开启嵌套事物 -->
		<property name="nestedTransactionAllowed" value="true"/>  
	</bean>  
<!-- 开启事物注解 cglib-->	
	<tx:annotation-driven transaction-manager="transactionManager"  proxy-target-class="true"/>

	<!-- 工作的bean -->
	<bean id="job" class="com.dkd.emms.systemManage.service.JobService" />
	<!-- job的配置开始 -->
	<bean id="jobInfo" class="org.springframework.scheduling.quartz.MethodInvokingJobDetailFactoryBean">
		<property name="targetObject" ref="job" />
		<property name="targetMethod" value="doJob" />
	</bean>
	<!-- 调度的配置开始 -->
	<bean id="crontestJobTrigger" class="org.springframework.scheduling.quartz.CronTriggerFactoryBean">
		<property name="jobDetail" ref="jobInfo"/>
		<property name="cronExpression">
			<value>0 0 0 * * ?</value>
		</property>
	</bean>
	<!-- 启动触发器的配置开始 -->
	<bean id="schedulerFactoryBean" name="schedulerFactoryBean" autowire="no" class="org.springframework.scheduling.quartz.SchedulerFactoryBean">
		<property name="triggers">
			<list>
				<ref bean="crontestJobTrigger"/>
			</list>
		</property>
	</bean>
	
<!-- 定义日志切入点 cglib-->	
	<!-- <bean id="logService" class="com.emms.system.util.log.LogService"></bean>
	<aop:config proxy-target-class="true">
	    <aop:pointcut expression="execution(* com.emms.system.service.*.*(..))" id="sysPointcut"/> 
	    <aop:aspect id="sys" ref="logService">
	    	<aop:after-returning method="logArgAndReturn" pointcut-ref="sysPointcut" returning="returnObj"/>
	    	<aop:after-throwing method="doThrowing" pointcut-ref="sysPointcut" throwing="ex"/>
	    </aop:aspect>
	</aop:config>  --> 	
</beans>
