<?xml version="1.0" encoding="UTF-8"?>
<beans xmlns="http://www.springframework.org/schema/beans"
       xmlns:xsi="http://www.w3.org/2001/XMLSchema-instance"
       xmlns:p="http://www.springframework.org/schema/p"
       xmlns:context="http://www.springframework.org/schema/context"
       xmlns:mvc="http://www.springframework.org/schema/mvc"
       xsi:schemaLocation="http://www.springframework.org/schema/beans
	http://www.springframework.org/schema/beans/spring-beans.xsd
	http://www.springframework.org/schema/context
	http://www.springframework.org/schema/context/spring-context-4.2.xsd
	http://www.springframework.org/schema/mvc
	http://www.springframework.org/schema/mvc/spring-mvc-4.2.xsd">

    <!-- 菜单-->
    <bean class="com.dkd.emms.core.util.menu.MenuBean">
        <property name="sysMenuList">
            <list>
                <bean id="sysManage" class="com.dkd.emms.core.util.menu.SysMenu" p:order="01" p:cname="系统管理"
                      p:authority="SYS_MANAGE" p:icon="">
                    <property name="items">
                        <list>
                            <!-- <bean class="com.dkd.emms.core.util.menu.SysMenu" p:cname="主项目管理" p:authority="ROLE_SYSTEM_SYS_USER" p:url="/system/mainProject.do?cmd=mainProjectList"/> -->
                            <bean class="com.dkd.emms.core.util.menu.SysMenu" p:cname="组织机构管理"
                                  p:authority="RE_SYSTEM_ORGANIZATION" p:url="/system/organization.do?cmd=frame"/>
                            <bean class="com.dkd.emms.core.util.menu.SysMenu" p:cname="权限管理"
                                  p:authority="RE_SYSTEM_RESOURCE" p:url="/system/resource.do?cmd=resourceFrame"/>
                            <bean class="com.dkd.emms.core.util.menu.SysMenu" p:cname="角色管理"
                                  p:authority="RE_SYSTEM_ROLE" p:url="/system/role.do?cmd=roleFrame"/>
                            <bean class="com.dkd.emms.core.util.menu.SysMenu" p:cname="用户授权管理"
                                  p:authority="RE_SYSTEM_USER_ROLE" p:url="/system/userRole.do?cmd=frame"/>
                            <bean class="com.dkd.emms.core.util.menu.SysMenu" p:cname="业务字典管理"
                                  p:authority="RE_SYSTEM_BUSINSEE_DICTIONARY"
                                  p:url="/system/businessDictionary.do?cmd=dictionary"/>
                            <bean class="com.dkd.emms.core.util.menu.SysMenu" p:cname="数据字典管理"
                                  p:authority="RE_SYSTEM_DATA_DICTIONARY"
                                  p:url="/system/dataDictionary.do?cmd=dictionary"/>
                            <bean class="com.dkd.emms.core.util.menu.SysMenu" p:cname="流程定义"
                                  p:authority="RE_SYSTEM_DATA_DICTIONARY"
                                  p:url="/system/process.do?cmd=processFrame"/>
                            <!--<bean class="com.dkd.emms.core.util.menu.SysMenu" p:cname="计量单位" p:authority="ROLE_SYSTEM_BASEINFO_MATERIALS" p:url="/unit/unit.do"/>
                            <bean class="com.dkd.emms.core.util.menu.SysMenu" p:cname="单位换算管理" p:authority="ROLE_SYSTEM_BASEINFO_MATERIALS" p:url="/unitConversion/query.do"/>
                        -->
                        </list>
                    </property>
                </bean>
                <bean id="baseInfo" class="com.dkd.emms.core.util.menu.SysMenu" p:order="02" p:cname="基本信息管理"
                      p:authority="BASE_INFO" p:icon="">
                    <property name="items">
                        <list>
                            <bean class="com.dkd.emms.core.util.menu.SysMenu" p:cname="物资编码管理"
                                  p:authority="RE_BASEINFO_MATERIALS" p:url="/baseinfo/materials.do?cmd=query"/>
                            <bean class="com.dkd.emms.core.util.menu.SysMenu" p:cname="仓库储位管理"
                                  p:authority="RE_BASEINFO_WAREHOUSE" p:url="/baseinfo/warehouse.do?cmd=warehouse"/>
                            <bean class="com.dkd.emms.core.util.menu.SysMenu" p:cname="设计院编码管理"
                                  p:authority="RE_BASEINFO_DESIGN" p:url="/baseinfo/designCode.do?cmd=query"/>
                            <bean class="com.dkd.emms.core.util.menu.SysMenu" p:cname="工程(WBS)编码管理"
                                  p:authority="RE_BASEINFO_PROJECT" p:url="/baseinfo/project.do?cmd=project"/>
                            <bean class="com.dkd.emms.core.util.menu.SysMenu" p:cname="承包商管理"
                                  p:authority="RE_BASEINFO_CONTRACTOR" p:url="/baseinfo/contractor.do?cmd=query"/>
                        </list>
                    </property>
                </bean>
                <bean id="designManage" class="com.dkd.emms.core.util.menu.SysMenu" p:order="03" p:cname="设计信息管理"
                      p:authority="DESIGN_MANAGE" p:icon="">
                    <property name="items">
                        <list>
                            <bean class="com.dkd.emms.core.util.menu.SysMenu" p:cname="料表管理"
                                  p:authority="RE_DESIGN_MATERIALS_TABLE"
                                  p:url="/design/materialstableImprot.do?cmd=queryMatrialsTable"/>
                        </list>
                    </property>
                </bean>
                <bean id="purchaseManage" class="com.dkd.emms.core.util.menu.SysMenu" p:order="04" p:cname="采购管理"
                      p:authority="PURCHASE_MANAGE" p:icon="">
                    <property name="items">
                        <list>
                            <bean class="com.dkd.emms.core.util.menu.SysMenu" p:cname="框架协议管理"
                                  p:authority="RE_PURCHASE_AGREEMENT" p:url="/purchase/agreement.do?cmd=query"/>
                            <bean class="com.dkd.emms.core.util.menu.SysMenu" p:cname="合同订单管理"
                                  p:authority="RE_PURCHASE_ORDER" p:url="/purchase/order.do?cmd=query"/>
                            <bean class="com.dkd.emms.core.util.menu.SysMenu" p:cname="供应商发货管理"
                                  p:authority="RE_PURCHASE_DELIVERY" p:url="/purchase/supplierDelivery.do?cmd=query"/>
                            <bean class="com.dkd.emms.core.util.menu.SysMenu" p:cname="集港信息管理"
                                  p:authority="RE_PURCHASE_JIGANG" p:url="/purchase/transportInfo.do?cmd=query"/>
                            <bean class="com.dkd.emms.core.util.menu.SysMenu" p:cname="运输单管理"
                                  p:authority="RE_PURCHASE_TRANSPORT" p:url="/purchase/transportInfo.do?cmd=queryTrans"/>
                        </list>
                    </property>
                </bean>
                <bean id="inStorageManage" class="com.dkd.emms.core.util.menu.SysMenu" p:order="05" p:cname="实物入库管理"
                      p:authority="IN_STORAGE_MANAGE" p:icon="">
                    <property name="items">
                        <list>
                            <bean class="com.dkd.emms.core.util.menu.SysMenu" p:cname="物资收货"
                                  p:authority="RE_INWAREHOUSE_RECEIPT_GOODS"
                                  p:url="/instorage/receiptGoods.do?cmd=query"/>
                            <bean class="com.dkd.emms.core.util.menu.SysMenu" p:cname="直达现场"
                                  p:authority="RE_INWAREHOUSE_DIRECT"
                                  p:url="/instorage/receiptGoods.do?cmd=directQuery"/>
                            <bean class="com.dkd.emms.core.util.menu.SysMenu" p:cname="物资质检"
                                  p:authority="RE_INWAREHOUSE_QUALITY_INSPECT"
                                  p:url="/instorage/materialManag.do?cmd=query"/>
                            <bean class="com.dkd.emms.core.util.menu.SysMenu" p:cname="物资质检(直达现场)"
                                  p:authority="RE_INWAREHOUSE_QUALITY_INSPECT"
                                  p:url="/instorage/materialManag.do?cmd=queryDirect"/>
                            <bean class="com.dkd.emms.core.util.menu.SysMenu" p:cname="实物入库管理"
                                  p:authority="RE_INWAREHOUSE_IN_WARE_HOUSE"
                                  p:url="/instorage/inWarehouse.do?cmd=query"/>
                        </list>
                    </property>
                </bean>

                <bean id="outStorageManage" class="com.dkd.emms.core.util.menu.SysMenu" p:order="06" p:cname="实物出库管理"
                      p:authority="OUT_STORAGE_MANAGE" p:icon="">
                    <property name="items">
                        <list>
                            <bean class="com.dkd.emms.core.util.menu.SysMenu" p:cname="需用计划管理"
                                  p:authority="RE_OUTWAREHOUSE_DEMAND_PLAN"
                                  p:url="/outstorage/demandPlan.do?cmd=query"/>
                            <bean class="com.dkd.emms.core.util.menu.SysMenu" p:cname="领料通知"
                                  p:authority="RE_OUTWAREHOUSE_PICK_NOTICE"
                                  p:url="/outstorage/pickNotice.do?cmd=query"/>
                            <bean class="com.dkd.emms.core.util.menu.SysMenu" p:cname="理货管理"
                                  p:authority="RE_OUTWAREHOUSE_TALLYING" p:url="/outstorage/tallying.do?cmd=tally"/>
                            <bean class="com.dkd.emms.core.util.menu.SysMenu" p:cname="出库管理"
                                  p:authority="RE_OUTWAREHOUSE_OUT_WAREHOUSE"
                                  p:url="/outstorage/outwarehouse.do?cmd=query"/>
                        </list>
                    </property>
                </bean>

                <bean id="stockManage" class="com.dkd.emms.core.util.menu.SysMenu" p:order="07" p:cname="库存台账"
                      p:authority="STOCK_MANAGE" p:icon="">
                    <property name="items">
                        <list>
                            <bean class="com.dkd.emms.core.util.menu.SysMenu" p:cname="库存明细查询"
                                  p:authority="RE_STOCK_STOCK" p:url="/stock/stock.do?cmd=query"/>
                        </list>
                    </property>
                </bean>
            </list>
        </property>
    </bean>
</beans>
