<?xml version="1.0" encoding="UTF-8"?>
<beans xmlns="http://www.springframework.org/schema/beans" 
xmlns:xsi="http://www.w3.org/2001/XMLSchema-instance" 
xmlns:p="http://www.springframework.org/schema/p" 
xmlns:aop="http://www.springframework.org/schema/aop" 
xmlns:context="http://www.springframework.org/schema/context" 
xmlns:jee="http://www.springframework.org/schema/jee" 
xmlns:tx="http://www.springframework.org/schema/tx"
xmlns:mvc="http://www.springframework.org/schema/mvc" 
xsi:schemaLocation="
		http://www.springframework.org/schema/aop 
		http://www.springframework.org/schema/aop/spring-aop-2.5.xsd
		http://www.springframework.org/schema/beans 
		http://www.springframework.org/schema/beans/spring-beans-2.5.xsd
		http://www.springframework.org/schema/jee 
		http://www.springframework.org/schema/jee/spring-jee-2.5.xsd
		http://www.springframework.org/schema/tx 
		http://www.springframework.org/schema/tx/spring-tx-2.5.xsd
		http://www.springframework.org/schema/context 
		http://www.springframework.org/schema/context/spring-context-2.5.xsd
		http://www.springframework.org/schema/mvc 
		http://www.springframework.org/schema/mvc/spring-mvc-3.0.xsd"	>
	 <bean class="org.apache.commons.dbcp.BasicDataSource" destroy-method="close" id="dataSource">
        <property name="driverClassName" value="${database.driverClassName}"/>
        <property name="url" value="${database.url}"/>
        <property name="username" value="${database.username}"/>
        <property name="password" value="${database.password}"/>
        <property name="testOnBorrow" value="true"/>
        <property name="testOnReturn" value="true"/>
        <property name="testWhileIdle" value="true"/>
        <property name="timeBetweenEvictionRunsMillis" value="1800000"/>
        <property name="numTestsPerEvictionRun" value="3"/>
        <property name="minEvictableIdleTimeMillis" value="1800000"/>
        <property name="validationQuery" value="SELECT 1 FROM DUAL"/>
    </bean>
</beans>
