<?xml version="1.0" encoding="UTF-8"?>
<beans xmlns="http://www.springframework.org/schema/beans" 
xmlns:xsi="http://www.w3.org/2001/XMLSchema-instance" 
xmlns:p="http://www.springframework.org/schema/p" 
xmlns:aop="http://www.springframework.org/schema/aop" 
xmlns:context="http://www.springframework.org/schema/context" 
xmlns:jee="http://www.springframework.org/schema/jee" 
xmlns:tx="http://www.springframework.org/schema/tx"
xmlns:mvc="http://www.springframework.org/schema/mvc" 
xsi:schemaLocation="
		http://www.springframework.org/schema/aop 
		http://www.springframework.org/schema/aop/spring-aop-2.5.xsd
		http://www.springframework.org/schema/beans 
		http://www.springframework.org/schema/beans/spring-beans-2.5.xsd
		http://www.springframework.org/schema/jee 
		http://www.springframework.org/schema/jee/spring-jee-2.5.xsd
		http://www.springframework.org/schema/tx 
		http://www.springframework.org/schema/tx/spring-tx-2.5.xsd
		http://www.springframework.org/schema/context 
		http://www.springframework.org/schema/context/spring-context-2.5.xsd
		http://www.springframework.org/schema/mvc 
		http://www.springframework.org/schema/mvc/spring-mvc-3.0.xsd"	>

<!-- 定义sessionfactory并加载mybatis的sql配置文件 -->	
	<bean id="sqlSessionFactory" class="org.mybatis.spring.SqlSessionFactoryBean">
		<property name="dataSource" ref="dataSource" />
		<property name="configLocation" value="classpath:META-INF/config/mybatis-config.xml"/>
		<!-- <property name="configLocation" value="web/WEB-INF/mybatis-config.xml"/> -->
		<property name="mapperLocations">
			<list>
				<!-- 系统管理mapper start -->
					<value>classpath:META-INF/config/map/*/*-mapper.xml</value>
				<!-- 系统管理mapper end -->
			</list>
		</property>
	</bean>
<!-- 
	获得SqlSessionTemplate模板，它来提供sqlSession 
	可以让dao继承SqlSessionDaoSupport，
	然后getSqlSession()或者这个模板,
	SqlSessionTemplate线程安全，多dao共享，并且与当前事物相关可以被管理，默认mybatis的session是不行的
 -->
	<bean id="sqlSession" class="org.mybatis.spring.SqlSessionTemplate"> 
      	<constructor-arg index="0" ref="sqlSessionFactory" /> 
	</bean>
</beans>
