<?xml version="1.0" encoding="UTF-8"?>
<beans xmlns="http://www.springframework.org/schema/beans"
	xmlns:xsi="http://www.w3.org/2001/XMLSchema-instance"
	xmlns:context="http://www.springframework.org/schema/context"
	xmlns:mvc="http://www.springframework.org/schema/mvc"
	xsi:schemaLocation="http://www.springframework.org/schema/beans 
	http://www.springframework.org/schema/beans/spring-beans.xsd
	http://www.springframework.org/schema/context
	http://www.springframework.org/schema/context/spring-context-4.2.xsd
	http://www.springframework.org/schema/mvc
	http://www.springframework.org/schema/mvc/spring-mvc-4.2.xsd">

	<!-- 注解扫描包@Controller -->
	<context:component-scan base-package="com.dkd.emms" use-default-filters="false">
		<context:include-filter expression="org.springframework.stereotype.Controller" type="annotation"/>
	</context:component-scan>
	<!-- 设置jackson解析json时忽略为空的 -->
	<bean id="jacksonObjectMapper" class="com.dkd.emms.web.util.JacksonObjectMapper" >
		<property name="dateFormat">
			<bean class="java.text.SimpleDateFormat">
				<constructor-arg type="java.lang.String"  value="yyyy-MM-dd"/>
			</bean>
		</property>
	</bean>
	<!-- 开启注解 -->
	<mvc:annotation-driven>
		<mvc:message-converters>
			<bean class="org.springframework.http.converter.json.MappingJackson2HttpMessageConverter">
				<property name="objectMapper" ref="jacksonObjectMapper"></property>
				<!--<property name="objectMapper">
					<bean class="com.fasterxml.jackson.databind.ObjectMapper">
						<property name="dateFormat">
							<bean class="java.text.SimpleDateFormat">
								<constructor-arg type="java.lang.String"  value="yyyy-MM-dd"/>
							</bean>
						</property>
					</bean>
				</property>-->
			</bean>
		</mvc:message-converters>

	</mvc:annotation-driven>

	<!-- 静态资源(js/image)的访问 -->
	<mvc:resources location="/js/" mapping="/js/**"/>

	<!-- 定义视图解析器 -->
	<bean id="viewResolver" class="org.springframework.web.servlet.view.InternalResourceViewResolver">
		<!-- 前缀 -->
		<property name="prefix" value="/WEB-INF/jsp/" />
		<!-- 后缀 -->
		<property name="suffix" value=".jsp" />
		<property name="order" value="1" />
	</bean>


</beans>
