<?xml version="1.0" encoding="UTF-8" ?>
<!DOCTYPE mapper PUBLIC "-//mybatis.org//DTD Mapper 3.0//EN" "http://mybatis.org/dtd/mybatis-3-mapper.dtd" >
<mapper namespace="OutWarehouse">
    <resultMap id="OutWarehouseMap" type="OutWarehouse">
        <!--
          WARNING - @mbggenerated
          This element is automatically generated by MyBatis Generator, do not modify.
          This element was generated on Fri Mar 24 13:39:45 CST 2017.
        -->
        <id column="out_warehouse_id" property="outWarehouseId" jdbcType="VARCHAR"/>
        <result column="out_warehouse_no" property="outWarehouseNo" jdbcType="VARCHAR"/>
        <result column="create_user_id" property="createUserId" jdbcType="VARCHAR"/>
        <result column="create_user_name" property="createUserName" jdbcType="VARCHAR"/>
        <result column="create_time" property="createTime" jdbcType="TIMESTAMP"/>
        <result column="out_time" property="outTime" jdbcType="TIMESTAMP"/>
        <result column="out_warehouse_state" property="outWarehouseState" jdbcType="VARCHAR"/>
        <result column="doc_source_type" property="docSourceType" jdbcType="VARCHAR"/>
        <result column="doc_source_id" property="docSourceId" jdbcType="VARCHAR"/>
        <result column="doc_source_no" property="docSourceNo" jdbcType="VARCHAR"/>
        <association property="contractor" column="contractor" select="Organization.selectByPk"/>
        <collection property="outWarehouseDetailList" column="out_warehouse_id" select="OutWarehouseDetail.queryDetailByOutWarehouse"/>
    </resultMap>
    <!-- 分页出库单数量 -->
    <select id="countByCondition" resultType="int" parameterType="map">
        select count(*) from out_warehouse ow
        left join sys_org so on so.org_id = ow.contractor
        left join sys_dictionary sd on ow.out_warehouse_state = sd.dictionary_code
        <where>
            <if test="OutWarehouseCondition.outWarehouseNo!=null and OutWarehouseCondition.outWarehouseNo!=''">and ow.out_warehouse_no
                like '%'|| #{OutWarehouseCondition.outWarehouseNo} || '%'
            </if>
            <if test="OutWarehouseCondition.supplierId!=null and OutWarehouseCondition.supplierId!=''">and ow.contractor = #{OutWarehouseCondition.supplierId}</if>
            <if test="OutWarehouseCondition.outWarehouseState!=null and OutWarehouseCondition.outWarehouseState!=''">and
                ow.out_warehouse_state = #{OutWarehouseCondition.outWarehouseState}
            </if>
            <if test="OutWarehouseCondition.createUserName!=null and OutWarehouseCondition.createUserName!=''">and
                ow.create_user_name like '%'|| #{OutWarehouseCondition.createUserName} || '%'
            </if>
            <if test="OutWarehouseCondition.beginTime!=null">and
                <![CDATA[ ow.create_time  >=  #{OutWarehouseCondition.beginTime} ]]> </if>
            <if test="OutWarehouseCondition.endTime!=null">and
                <![CDATA[ ow.create_time  <= #{OutWarehouseCondition.endTime} ]]> </if>
        </where>
    </select>

    <!-- 分页出库单信息  -->
    <select id="selectByCondition" resultMap="OutWarehouseMap" parameterType="map">
        select * from (
        select ow.out_warehouse_id,ow.out_warehouse_no,ow.out_time,ow.create_user_name,ow.create_time,ow.contractor,sd.dictionary_name out_warehouse_state,ROW_NUMBER() OVER(order by ow.create_time desc) r
        from out_warehouse ow
        left join sys_org so on so.org_id = ow.contractor
        left join sys_dictionary sd on ow.out_warehouse_state = sd.dictionary_code
        <where>
            <if test="OutWarehouseCondition.outWarehouseNo!=null and OutWarehouseCondition.outWarehouseNo!=''">and ow.out_warehouse_no
                like '%'|| #{OutWarehouseCondition.outWarehouseNo} || '%'
            </if>
            <if test="OutWarehouseCondition.supplierId!=null and OutWarehouseCondition.supplierId!=''">and ow.contractor = #{OutWarehouseCondition.supplierId}</if>
            <if test="OutWarehouseCondition.outWarehouseState!=null and OutWarehouseCondition.outWarehouseState!=''">and
                ow.out_warehouse_state = #{OutWarehouseCondition.outWarehouseState}
            </if>
            <if test="OutWarehouseCondition.createUserName!=null and OutWarehouseCondition.createUserName!=''">and
                ow.create_user_name like '%'|| #{OutWarehouseCondition.createUserName} || '%'
            </if>
            <if test="OutWarehouseCondition.beginTime!=null">and
                <![CDATA[ ow.create_time  >=  #{OutWarehouseCondition.beginTime} ]]> </if>
            <if test="OutWarehouseCondition.endTime!=null">and
                <![CDATA[ ow.create_time  <= #{OutWarehouseCondition.endTime} ]]> </if>
        </where>
        ) s where s.r between #{page.startPos} and ((#{page.pageSize}+#{page.startPos})-1)
    </select>

    <!--插入出库单信息-->
    <insert id="insert" useGeneratedKeys="false">
        insert into out_warehouse
        (out_warehouse_id, out_warehouse_no, contractor,create_user_id, create_user_name,create_time,out_warehouse_state,out_time,doc_source_type,doc_source_id,doc_source_no )
        values (#{outWarehouseId,jdbcType=VARCHAR}, #{outWarehouseNo,jdbcType=VARCHAR},
        #{contractor.orgId,jdbcType=VARCHAR}, #{createUserId,jdbcType=VARCHAR}, #{createUserName,jdbcType=VARCHAR},
        #{createTime,jdbcType=TIMESTAMP},#{outWarehouseState,jdbcType=VARCHAR},#{outTime,jdbcType=TIMESTAMP},#{docSourceType},#{docSourceId},#{docSourceNo})
    </insert>
    <!--更新出库单信息-->
    <update id="update">
        update out_warehouse
        <set>
            <if test="outTime!= null">out_time = #{outTime},</if>
            <if test="contractor!= null">contractor = #{contractor.orgId},</if>
            <if test="outWarehouseState!= null and outWarehouseState!=''">out_warehouse_state = #{outWarehouseState},</if>
            out_warehouse_id = #{outWarehouseId}
        </set>
        <where>
            out_warehouse_id = #{outWarehouseId}
        </where>
    </update>

    <delete id="delete" parameterType="string">
        delete from out_warehouse ow
        <where>
            ow.out_warehouse_id = #{outWarehouseId}
        </where>
    </delete>

    <select id="selectByPk" resultMap="OutWarehouseMap" parameterType="string">
        select * from out_warehouse ow
        <where>
            ow.out_warehouse_id = #{outWarehouseId}
        </where>
    </select>
</mapper>