<?xml version="1.0" encoding="UTF-8"?>
<!DOCTYPE generatorConfiguration PUBLIC "-//mybatis.org//DTD MyBatis Generator Configuration 1.0//EN" "http://mybatis.org/dtd/mybatis-generator-config_1_0.dtd" >
<generatorConfiguration>
	<classPathEntry location="E:\maven\repo\com\oracle\ojdbc6\11.2.0.1.0\ojdbc6-11.2.0.1.0.jar" />
    <context id="context1" targetRuntime="MyBatis3">
        <jdbcConnection driverClass="oracle.jdbc.OracleDriver"
            connectionURL="jdbc:oracle:thin:@192.168.3.148:1521:zsh"
            userId="zsh" password="cst123456" />
        <javaModelGenerator targetPackage="java"
        	targetProject="web" />
        <sqlMapGenerator targetPackage="java"
            targetProject="web" />
       <table schema="zsh" tableName="OUT_TALLYING" domainObjectName="Tallying" >
        </table>
    </context>
</generatorConfiguration>